,unique_track_ids,counts
0,14msK75pk3pA33pzPVNtBF,46
1,5p7ujcrUXASCNwRaWNHR1C,32
2,6MWtB6iiXyIwun0YzU6DFP,28
3,3KkXRkHbMCARz0aVfEt68P,25
4,6Qs4SXO9dwPj5GKvVOv8Ki,23
5,2VxeLyX666F8uXCJ0dZF8B,22
6,25sgk305KZfyuqVBQIahim,22
7,5iwz1NiezX7WWjnCgY5TH4,19
8,5W83ErFkO3aKAIS1WMi6u0,18
9,116H0KvKr2Zl4RPuVBruDO,17
10,2JvzF1RMd7lE3KmFlsyZD8,16
11,6FyRXC8tJUh863JCkyWqtk,16
12,2rPE9A1vEgShuZxxzR2tZH,16
13,0s5DNDV6LAKn2u2Ufa3VjQ,15
14,2cYnZNzFRFK0H7vSNxPsUq,13
15,1rqqCSm0Qe4I9rUvWncaom,12
16,4w8niZpiMy6qz1mntFA5uM,10
17,6MJUCumnQsQEKbCy28tbCP,10
18,059bcIhyc2SBwm6sw2AZzd,8
19,1LiN0Z98FkR1t0m8KmLcAH,7
20,7COXchtUOMd6uIT6HvmRaI,7
21,2xLMifQCjDGFmkHkpNLD9h,6
22,7dNwJbsT0sg1le5kVugGJb,6
23,4BiiOzZCrXEzHRLYcYFiD5,6
24,2IRZnDFmlqMuOrYOLnZZyc,5
25,7uH27oIt4a6cIFCA8ZPcyG,5
26,1mT47pKLXUwPYGwB91GcNz,4
27,27rdGxbavYJeBphck5MZAF,4
28,7r55d7IhAj5UGKiYbXBwRP,4
29,4uP3pUP18ennmz0tb3GphR,4
30,260R90ctQ1SiPax90PuEsT,4
31,5itOtNx0WxtJmi1TQ3RuRd,4
32,7KPGeiXWDsGEvFK62wzU8E,3
33,5kfNriitmkNE8mUbZ7gbq8,3
34,63THFs9ovzO3WQsz4lzh0H,3
35,2wVDWtLKXunswWecARNILj,3
36,22sESxzbY1O1E19xjOTaYf,2
37,3EPXxR3ImUwfayaurPi3cm,2
38,3ao3OVxHlb3C08vAaApUlm,2
39,278kSqsZIiYp8p3QjYAqa8,2
40,3Ol2xnObFdKV9pmRD2t9x8,2
41,1SO5RyYJZUAI0aHkAkrF2p,2
42,5z3vuYzS9UF6rD6TmBEdUf,2
43,14JzyD6FlBD5z0wV5P07YI,2
44,2qxmye6gAegTMjLKEBoR3d,2
45,3ayrHkyorPEpeOBvZ76SwG,2
46,2D3z17LBMJ2HEHeBFFjTLi,2
47,7wFybC8jBH3zE139OpCtpG,2
48,1IPRghUN3LFPNbCTsfBJx9,2
49,675w3ACw5xZR3ODhUJlEVN,2
50,0E9ZjEAyAwOXZ7wJC0PD33,2
51,5yH8pYxNckOU1cxfPsMIaz,2
52,4afuOwuWWRoS8HEw1cyVUZ,1
53,0lG6QM1jjbbX5UUn3DPmrZ,1
54,2BgD4nRyx9EZ5o8YEnjRSV,1
55,4OSdc34FbsNO5PmjuPDXRS,1
56,7FGq80cy8juXBCD2nrqdWU,1
57,2hyh9YvwFB0cGjvyGk6Sxo,1
58,1T7aSWZQIorPMzRT8jTMXc,1
59,0N8Xztr4pBHJ7V0moJWhbO,1
60,4OBZT9EnhYIV17t4pGw7ig,1
61,6716bTJI7qiHJFFSR0Ethe,1
62,5HXCP7b8k64WdZ1G0Bbc13,1
63,70qZhu8T6VHpeugYFZCnVk,1
64,2qkNnJvQvhLiZ63X1L3eFz,1
65,4glBRF3uJCf3bTG4hhIhpn,1
66,00mBzIWv5gHOYxwuEJXjOG,1
67,2zVNIG9cfMyFxt8XqJ64s4,1
68,71nHBn2WKYkjSlwf4GH0JF,1
69,7fUGWMgLzsVdID1eKoPm3b,1
70,4RYtaqxjDJUOY2GrtkLTFf,1
71,6l7PqWKsgm4NLomOE7Veou,1
72,7to68V64Cu6zk0UDo5tyw3,1
73,2PAYSgrVOBz8RJqp9B7QLu,1
74,0cONHWTIfgEpAuVwbbwGgc,1
75,0NCMHQFpWVDK199pKR2Y7V,1
76,7GxSshyjKx46dlIV2UoVrc,1
77,6o8ogTrSX8H0F66Pdz3Tsc,1
78,4R8TsvDoKSSDVERlaphNBA,1
79,42pEFPN6KrUydf2ufdampZ,1
80,4MSFxqmkiMxq7e61jTqgqt,1
81,5f9808hpiCpuNyqqdXmpF2,1
82,1nVFZL2qpUryfEJ7kpxOa7,1
83,59eluCMn0XbOWqeWQ91FTM,1
84,0UMaqPntFC8dFOc7p3Iefj,1
85,5WHTFyqSii0lmT9R21abT8,1
86,5V2AX2WTOHl2FKtftvisV6,1
87,3J1ZGGnDdhfAN3z4qRRonq,1
88,3YHHiktpaEShl6v22bOpzo,1
89,3id2EVGKc3eFAMn9nFnB0r,1
90,4l6boTiX3Erh3HYpKOa0D6,1
91,2X8sssaxS5GReg6945B6RW,1
92,4JHfs0fmHtk9IbaQ3CqXSD,1
93,24mpJgP2YZUBif9NvmYyh4,1
94,1vVm7saDXHk99SU5BFUDpp,1
95,3AXScNtH6Ywywwma6u8h95,1
96,23N0z3XkwS2ErcNKsgCWAb,1
97,4NkKfZe4USK76vt2dVnIQ8,1
98,42ArfZUgGo3k5btIHp08it,1
99,7Cw97917dvg5xm6XMAA4Y2,1
100,0r64LBR8RlnXcdd5HTFubd,1
101,1ftBvRj542ol7LT1A0EtL7,1
102,0MNuuVfOD6mI3cds1236Xf,1
103,2hnE2vPfcP5iJeyJUbb45n,1
104,73k0C3PXEpwbFbgIrXL55i,1
105,3GWtGFEUh7ZS2J7eTScD32,1
106,1YC7llsHtz0ScDtiLEVHZG,1
107,1X4l4i472kW5ofFP8Xo0x0,1
108,0jWVUKsIoyo3zw64RaEWYg,1
109,3Ls9yKzshQye18Tx2AvOb6,1
110,18LXrvm337xqvFxpaB9Puj,1
111,1c5ZiOfMbDBHKRNuMfinOb,1
112,0dUjcVPXy2Npz7RAmylgOS,1
113,7oxSh7uiB74lWGVIv2Qtlm,1
114,2fkVZYFv9hOejIsLzZy8ad,1
115,79sYvkdnJGFrYx67nBL5Nk,1
116,15DPWEQ73JEW3pfyU6EcmR,1
117,1fpmB97puEtPLW9ui8qEBw,1
118,0kCqaybZgYcLYxzZymmBoc,1
119,1UM18grarSYZwgeEFjqM4y,1
120,6it15CsDlkqB7N4lF0C1qM,1
121,5ixqGGFu0hdHfErdp32QwT,1
122,2GJ9TC1R5yzZ2gYPKGPGyp,1
123,3f3L2MP4oniV1bmSxGbcW4,1
124,1ZLrDPgR7mvuTco3rQK8Pk,1
125,0rKoRleUmhuf07uC9k79oC,1
126,1Td1VKv9mzF6zjFBe8TLgC,1
127,38Eq6RgIxOdt4twqyVAPCn,1
128,4mfFqOYYR7yBtmbLw75p7d,1
129,6zeeWid2sgw4lap2jV61PZ,1
130,0K3WykKk7ygKljIlHR4QtY,1
131,3nQlPsRsO4mEqVaiqErCLO,1
132,0sSG83UxY15ft1E2N9THYF,1
133,6C0VgaDh8IpcqexnACFwRd,1
134,3WUEs51GpcvlgU7lehLgLh,1
135,2rbDhOo9Fh61Bbu23T2qCk,1
136,2RSHsoi04658QL5xgQVov3,1
137,06O3hxudc6V0BOuoCFSy71,1
138,5MbDEe6OHY5vhdpOnLUF9P,1
139,4Yq0YrSQ8ACaZzBAZsVcBo,1
140,4miiqu2dxOhBguQDHtqssH,1
141,2gT5LL3uRANxvvmDxaULbQ,1
142,72nkkzVRNM4QFqtndfdPtn,1
143,4fnCQeozjJTzN1pKWuWeBO,1
144,7iTTQvztpfrDneVSX9IGBD,1
145,13hvHEstJ4sNbzdroPrPI3,1
146,2BgEsaKNfHUdlh97KmvFyo,1
147,0R0o8uOkDz40XsR6uwThfQ,1
148,3dLiBBKbeUIhzGNeuo5JGS,1
149,1yDiru08Q6omDOGkZMPnei,1
150,5b9RQx9CLZRZcO1W8PvmcB,1
151,6FRoRSdJqU7wFb8XW7B0oR,1
152,6stxV2bl7xSiPUornxwyNR,1
153,54ikdt0wnIMn8sT9NFgFSS,1
154,5Wmg5LPPJnbMsKA9fthM3l,1
155,5ql4tlxS3GtADNsSRi2GnW,1
156,0GmiGIxXDNrePrHBpijYDp,1
157,7b9aHUDuKbMztMZQ90I7CY,1
158,7tFiyTwD0nx5a1eklYtX2J,1
159,0EJu1RBtxzldMG2peczuPv,1
160,3BBC0z90LcToCjPIN0vuHp,1
161,7iNiRaxUOvd4seviLprqeb,1
162,2TIlqbIneP0ZY1O0EzYLlc,1
163,6OuXYdo2VotwVcV9kEBqS9,1
164,1gnKUue6F9gXXHQshCBwEs,1
165,77lmDcPPyY6kK907gdgC6i,1
166,4WB9OeauHXnGOMUK4s80gM,1
167,0RqvzJVa3bWHIzif8hPfVJ,1
168,42LrSpEHmXHfjEH8NeiQQi,1
169,0LQ1J0BCzA2qnAgp9MkkNE,1
170,0m0Ew7RcwZaBS8psxgE00P,1
171,4HkmUlLklTFzOIufppSf0e,1
172,2lAyctg5FocS67eksHoyIg,1
173,2rzZ0IGxgrGUAPwrWn80z7,1
174,6ntmdHcXnxQFnjFhgaInIV,1
175,4IouQaO9GkaHC7AtMErdSa,1
176,1khmgu0pveJbkbpbkyvcQv,1
177,4c5yphfLxbguggPnS6Wibq,1
178,32lexhcz93AinKK0qLTZaZ,1
179,78QR3Wp35dqAhFEc2qAGjE,1
180,5EKHbW7mXcAR4hCyS3YXjb,1
181,3Hb9kUdm4yf839Fle4RIdT,1
182,7woh2lJvyILYxSQ1kXTI3d,1
183,4AFdUHHDslEOgQOzGjIJwJ,1
